[
  {
    "id": "1",
    "actionName": "New Users",
    "location": "New York",
    "value": "+3,125",
    "description": "Lorem Ipsum is simply dummy text of the printing...",
    "users": [
      "assets/images/avatars/1.jpg",
      "assets/images/avatars/2.jpg",
      "assets/images/avatars/3.jpg",
      "assets/images/avatars/4.jpg",
      "assets/images/avatars/5.jpg"
    ]
  },
  {
    "id": "2",
    "actionName": "New Reports",
    "location": "Palo Alto",
    "value": "+643",
    "description": "Lorem Ipsum is simply dummy text of the printing...",
    "users": [
      "assets/images/avatars/2.jpg",
      "assets/images/avatars/4.jpg",
      "assets/images/avatars/3.jpg"
    ]
  },
  {
    "id": "3",
    "actionName": "Quote Submits",
    "location": "Las Vegas",
    "value": "+982",
    "description": "Lorem Ipsum is simply dummy text of the printing...",
    "users": [
      "assets/images/avatars/5.jpg",
      "assets/images/avatars/3.jpg",
      "assets/images/avatars/1.jpg",
      "assets/images/avatars/4.jpg"
    ]
  }
]