[
  {
    "key": "1",
    "description": {
      "title": "New Users",
      "content": "Lorem Ipsum is simply dummy text of the printing and typesetting industry. Lorem Ipsum has been the industry's standard dummy text ever since the 1500s, when an unknown printer took a galley of type and scrambled it to make a type specimen book."
    },
    "location": "New York",
    "value": "+3,125"
  },
  {
    "key": "2",
    "description": {
      "title": "New Reports",
      "content": "Lorem Ipsum is simply dummy text of the printing and typesetting industry. Lorem Ipsum has been the industry's standard dummy text ever since the 1500s, when an unknown printer took a galley of type and scrambled it to make a type specimen book."
    },
    "location": "Palo Alto",
    "value": "+643"
  }
]
