[
  {
    "id": 1,
    "product": "New Users",
    "location": "New York",
    "description": "Lorem Ipsum is simply dummy text of the printing...",
    "quantity": "3,125",
    "cost": "$100.99",
    "overall": "$315,593.75"
  },
  {
    "id": 2,
    "product": "New Users",
    "location": "Palo Alto",
    "description": "Lorem Ipsum is simply dummy text of the printing...",
    "quantity": "643",
    "cost": "$64.99",
    "overall": "$41,788.57"

  },
  {
    "id": 3,
    "product": "Quote Submits",
    "location": "Las Vegas",
    "description": "Lorem Ipsum is simply dummy text of the printing...",
    "quantity": "982",
    "cost": "$49.99",
    "overall": "$49,090.18"
  }
]

